Designator,Footprint,Quantity,Value,LCSC Part #
BT101,BAT_CH291-1220LF,1,Battery_Cell,
"C101, C103, C202, C203, C209, C301, C401, C402, C501, C502, C503, C504, C505, C506, C507, C601, C602, C603, C604, C605, C606, C607, C701",0603,23,100nF,
C102,0805,1,1uF,
C201,0603,1,10nF,
"C204, C205, C206, C702",0805,4,10uF,
"C207, C208",0805,2,22uF,
C210,0603,1,3.9nF,
C302,0603,1,100pF,
C303,CP_Radial_D10.0mm_P5.00mm,1,4.7uF 400V,
C304,CP_Radial_D6.3mm_P2.50mm,1,220uF 35V,
"C305, C306",0603,2,1nF,
D301,D_SMA,1,ES1J,
"D501, D502, D503, D504, D505, D506, D601, D602, D603, D604, D605, D606",LED_SK6812MINI_PLCC4_3.5x3.5mm_P1.75mm,12,SK6812MINI_ALI,
"D701, D702, D703, D704",LED_D5.0mm-4_RGB_Wide_Pins,4,LED_RAGB,
J101,USB_C_Receptacle_HRO_TYPE-C-31-M-12,1,USB_C_Receptacle_USB2.0_16P,
J102,JST_PH_B2B-PH-K_1x02_P2.00mm_Vertical,1,Conn_01x02,
J103,Molex_PicoBlade_53047-0410_1x04_P1.25mm_Vertical,1,Conn_01x04,
J104,JST_XH_B2B-XH-A_1x02_P2.50mm_Vertical,1,12V IN,
L201,L_6.3x6.3_H3,1,10uH 4A,
L301,L_Chilisin_BMRF00101040,1,100uH,
"NX501, NX502, NX503, NX601, NX602, NX603",nixies-us-IN-12,6,IN-12B,
Q301,TO-252-2,1,FQD12N20L,
"R101, R307",0603,2,10K,
"R102, R103, R701",0603,3,4.7K,
"R104, R105",0603,2,5.1K,
R201,0603,1,100K,
R202,0603,1,30K,
R203,0603,1,6.8K,
R204,0603,1,7.5K,
R301,0603,1,150K,
R302,0603,1,10R,
R303,1206,1,680K,
R304,0603,1,1K,
R305,0603,1,47K,
"R306, R308",2512,2,0.25R,
R401,0603,1,330R,
"R501, R502, R503, R601, R602, R603",1206,6,20K,
TP_101,TestPoint_Pad_1.0x1.0mm,1,170V,
TP_102,TestPoint_Pad_1.0x1.0mm,1,EN,
TP_103,TestPoint_Pad_1.0x1.0mm,1,5V,
TP_104,TestPoint_Pad_1.0x1.0mm,1,3V3,
TP_105,TestPoint_Pad_1.0x1.0mm,1,SDA,
TP_106,TestPoint_Pad_1.0x1.0mm,1,12V,
TP_107,TestPoint_Pad_1.0x1.0mm,1,SCL/BOOT,
"TP_108, TP_109, TP_110",TestPoint_Pad_1.0x1.0mm,3,GND,
U101,ESP32-C3-MINI-1,1,ESP32-C3-MINI-1,
U103,SOIC-8_3.9x4.9mm_P1.27mm,1,DS3231MZ,
U201,SOT-223-3_TabPin2,1,AP7361-33ER-13,
U202,SOIC-8-1EP_3.9x4.9mm_P1.27mm_EP2.29x3mm_ThermalVias,1,MP2307DN-LF-Z,
U301,SOIC-8_3.9x4.9mm_P1.27mm,1,UC3843_SOIC8,
U401,TSSOP-16_4.4x5mm_P0.65mm,1,CD4504,
U402,SOT-23-5,1,SN74LV1T34DBV,
"U501, U601",PLCC-44_SMD-Socket,2,HV5222PJ,
U701,QFN-24-1EP_4x4mm_P0.5mm_EP2.7x2.7mm,1,AW9523B,
