Designator,Mid X,Mid Y,Rotation,Layer
BT101,98.916711,-101.202949,270.0,bottom
C101,84.857949,-118.006483,270.0,top
C102,84.85331,-108.858296,90.0,top
C103,89.278754,-63.448446,90.0,top
C201,187.975807,-107.375138,180.0,top
C202,182.0,-115.089865,180.0,top
C203,182.0,-98.0,0.0,top
C204,181.888459,-101.52,0.0,top
C205,187.975807,-114.364865,0.0,top
C206,188.0,-110.745002,0.0,top
C207,194.270404,-110.717953,180.0,top
C208,194.270404,-114.364865,180.0,top
C209,187.975807,-101.135411,180.0,top
C210,192.704903,-98.015548,180.0,top
C301,149.515837,-96.52405,180.0,top
C302,147.112153,-109.227317,0.0,top
C303,140.641561,-101.308696,270.0,top
C304,114.949142,-105.404554,90.0,top
C305,150.803337,-109.227317,0.0,top
C306,150.803337,-112.7,0.0,top
C401,84.659473,-98.20223,180.0,top
C402,84.659473,-101.445449,0.0,top
C501,113.074956,-114.074439,90.0,top
C502,75.724776,-78.9,90.0,top
C503,75.724776,-82.371872,270.0,top
C504,95.747885,-78.9,90.0,top
C505,95.784858,-82.499913,270.0,top
C506,125.607956,-78.9,90.0,top
C507,125.610536,-82.511313,270.0,top
C601,150.706595,-115.95,180.0,top
C602,145.747885,-78.9,90.0,top
C603,145.757869,-82.574638,270.0,top
C604,175.607956,-78.9,90.0,top
C605,175.603046,-82.537073,270.0,top
C606,195.747885,-78.9,90.0,top
C607,195.745145,-82.564765,270.0,top
C701,163.526593,-63.406071,0.0,top
C702,163.437472,-66.47934,0.0,top
D301,138.929785,-116.097317,270.0,top
D501,71.928645,-76.010009,180.0,top
D502,71.924439,-85.8632,180.0,top
D503,92.069965,-76.010009,180.0,top
D504,92.069965,-85.8632,180.0,top
D505,121.930036,-76.010009,180.0,top
D506,121.930036,-85.8632,180.0,top
D601,142.069965,-76.010009,180.0,top
D602,142.069965,-85.8632,180.0,top
D603,171.930036,-76.010009,180.0,top
D604,171.930036,-85.8632,180.0,top
D605,192.069965,-76.010009,180.0,top
D606,192.069965,-85.8632,180.0,top
D701,106.998501,-76.45166,0.0,top
D702,106.998501,-85.44834,0.0,top
D703,156.998501,-76.45166,0.0,top
D704,156.998501,-85.44834,0.0,top
H101,64.0,-64.0,0.0,top
H102,64.0,-116.0,0.0,top
H103,200.0,-64.0,0.0,top
H104,200.0,-116.0,0.0,top
J101,64.15595,-100.4713,270.0,top
J102,98.046702,-63.58695,180.0,bottom
J103,179.268351,-62.845769,0.0,bottom
J104,170.080879,-64.183571,180.0,bottom
L201,200.057398,-103.592847,270.0,top
L301,121.627011,-114.297317,0.0,top
NT101,64.975495,-98.019802,180.0,top
NT104,117.653337,-104.9,270.0,top
NT106,114.882779,-116.044142,0.0,top
NT201,185.185409,-104.232333,0.0,top
NT202,200.243094,-105.592847,270.0,top
NT203,197.605969,-112.085915,180.0,top
NT301,150.280242,-95.655737,90.0,top
NT303,131.025408,-110.670591,0.0,top
NX501,71.930036,-80.95,0.0,top
NX502,92.069965,-80.95,0.0,top
NX503,121.930036,-80.95,0.0,top
NX601,142.069965,-80.95,0.0,top
NX602,171.930036,-80.95,0.0,top
NX603,192.069965,-80.95,0.0,top
Q301,132.330243,-114.887317,270.0,top
R101,84.857949,-113.547527,90.0,top
R102,72.101973,-97.659987,180.0,top
R103,72.101973,-100.995129,180.0,top
R104,63.493773,-111.236067,0.0,top
R105,63.493773,-108.236067,0.0,top
R201,187.975807,-104.255275,0.0,top
R202,202.163094,-98.015548,0.0,top
R203,197.433998,-98.015548,0.0,top
R204,187.975807,-98.015548,0.0,top
R301,147.112153,-112.7,0.0,top
R302,143.420969,-109.227317,180.0,top
R303,138.929785,-109.627317,0.0,top
R304,143.420969,-115.95,180.0,top
R305,147.112153,-115.95,180.0,top
R306,130.716159,-103.934554,180.0,top
R307,143.420969,-112.7,180.0,top
R308,122.989307,-103.934554,180.0,top
R401,76.468516,-63.430993,90.0,top
R501,113.935272,-98.07405,270.0,top
R502,117.784187,-98.07405,270.0,top
R503,121.633101,-98.07405,270.0,top
R601,125.482016,-98.07405,270.0,top
R602,129.33093,-98.07405,270.0,top
R603,133.179845,-98.07405,270.0,top
R701,158.150001,-63.40901,0.0,top
TP_101,142.498918,-118.597317,0.0,top
TP_102,84.888351,-104.671483,0.0,top
TP_103,183.526674,-118.0,0.0,top
TP_104,178.669542,-118.0,0.0,top
TP_105,186.0,-64.5,180.0,top
TP_106,187.735306,-118.026469,0.0,top
TP_107,186.0,-61.443212,180.0,top
TP_108,192.697349,-118.0,0.0,top
TP_109,148.8251,-118.597317,0.0,top
TP_110,191.75,-64.35,0.0,top
U101,76.5,-110.938316,180.0,top
U103,82.634599,-64.617126,90.0,top
U201,181.985234,-108.471331,270.0,top
U202,193.270404,-103.119865,0.0,top
U301,149.583337,-102.858696,0.0,top
U401,78.553885,-98.940443,270.0,top
U402,71.988626,-63.825993,180.0,top
U501,98.609505,-107.89405,0.0,top
U601,165.390496,-107.89405,0.0,top
U701,157.000001,-68.931978,0.0,top
